symbol,trade_date,close_price,advanced_signal,signal_strength,volatility,final_signal
AXISBANK,2025-09-30,1132.00,HOLD,0.00,1.55,HOLD
AXISBANK,2025-10-01,1160.00,HOLD,0.00,1.55,HOLD
AXISBANK,2025-10-03,1181.00,HOLD,0.00,1.55,HOLD
AXISBANK,2025-10-06,1213.00,HOLD,0.00,1.55,HOLD
AXISBANK,2025-10-07,1187.00,HOLD,0.00,1.55,HOLD
AXISBANK,2025-10-08,1181.00,HOLD,0.00,1.55,HOLD
AXISBANK,2025-10-09,1167.00,HOLD,0.00,1.55,HOLD
AXISBANK,2025-10-10,1180.00,BUY,6.16,1.55,HOLD
AXISBANK,2025-10-13,1190.00,BUY,8.79,1.55,HOLD
AXISBANK,2025-10-14,1177.00,BUY,8.20,1.55,HOLD
AXISBANK,2025-10-15,1170.00,BUY,2.68,1.55,HOLD
AXISBANK,2025-10-16,1196.00,BUY,2.31,1.55,HOLD
AXISBANK,2025-10-17,1200.00,BUY,3.32,1.55,HOLD
AXISBANK,2025-10-20,1226.00,BUY,8.43,1.55,HOLD
AXISBANK,2025-10-21,1237.00,"STRONG BUY",12.96,1.55,HOLD
AXISBANK,2025-10-23,1259.00,"STRONG BUY",18.29,1.55,HOLD
AXISBANK,2025-10-24,1242.00,"STRONG BUY",24.57,1.55,HOLD
AXISBANK,2025-10-27,1254.00,"STRONG BUY",33.24,1.55,HOLD
AXISBANK,2025-10-28,1246.00,"STRONG BUY",37.82,1.55,HOLD
AXISBANK,2025-10-29,1249.00,"STRONG BUY",42.36,1.55,HOLD
AXISBANK,2025-10-30,1239.00,"STRONG BUY",42.47,1.55,HOLD
AXISBANK,2025-10-31,1233.00,"STRONG BUY",40.59,1.55,HOLD
AXISBANK,2025-11-03,1234.00,"STRONG BUY",35.78,1.55,HOLD
AXISBANK,2025-11-04,1227.00,"STRONG BUY",32.79,1.55,HOLD
AXISBANK,2025-11-06,1229.00,"STRONG BUY",28.35,1.55,HOLD
AXISBANK,2025-11-07,1223.00,"STRONG BUY",24.51,1.55,HOLD
AXISBANK,2025-11-10,1217.00,"STRONG BUY",19.64,1.55,HOLD
AXISBANK,2025-11-11,1223.00,"STRONG BUY",16.86,1.55,HOLD
AXISBANK,2025-11-12,1222.00,"STRONG BUY",14.86,1.55,HOLD
AXISBANK,2025-11-13,1225.00,"STRONG BUY",13.08,1.55,HOLD
AXISBANK,2025-11-14,1242.00,"STRONG BUY",11.56,1.55,HOLD
AXISBANK,2025-11-17,1250.00,"STRONG BUY",11.56,1.55,HOLD
AXISBANK,2025-11-18,1265.00,"STRONG BUY",14.76,1.55,HOLD
AXISBANK,2025-11-19,1270.00,"STRONG BUY",20.43,1.55,HOLD
AXISBANK,2025-11-20,1285.00,"STRONG BUY",26.02,1.55,HOLD
AXISBANK,2025-11-21,1276.00,"STRONG BUY",30.57,1.55,HOLD
AXISBANK,2025-11-24,1269.00,"STRONG BUY",33.46,1.55,HOLD
AXISBANK,2025-11-25,1266.00,"STRONG BUY",34.01,1.55,HOLD
AXISBANK,2025-11-26,1290.00,"STRONG BUY",36.40,1.55,HOLD
AXISBANK,2025-11-27,1287.00,"STRONG BUY",35.87,1.55,HOLD
AXISBANK,2025-11-28,1280.00,"STRONG BUY",33.63,1.55,HOLD
AXISBANK,2025-12-01,1276.00,"STRONG BUY",29.68,1.55,HOLD
AXISBANK,2025-12-02,1258.00,"STRONG BUY",25.17,1.55,HOLD
AXISBANK,2025-12-03,1271.00,"STRONG BUY",23.96,1.55,HOLD
AXISBANK,2025-12-04,1280.00,"STRONG BUY",24.53,1.55,HOLD
AXISBANK,2025-12-05,1283.00,"STRONG BUY",22.73,1.55,HOLD
AXISBANK,2025-12-08,1274.00,"STRONG BUY",19.80,1.55,HOLD
AXISBANK,2025-12-09,1276.00,"STRONG BUY",18.50,1.55,HOLD
AXISBANK,2025-12-10,1279.00,"STRONG BUY",17.83,1.55,HOLD
AXISBANK,2025-12-11,1273.00,"STRONG BUY",19.17,1.55,HOLD
AXISBANK,2025-12-12,1286.00,"STRONG BUY",19.74,1.55,HOLD
AXISBANK,2025-12-15,1285.00,"STRONG BUY",18.73,1.55,HOLD
AXISBANK,2025-12-16,1220.00,"STRONG BUY",10.20,1.55,HOLD
AXISBANK,2025-12-17,1225.00,BUY,3.26,1.55,HOLD
AXISBANK,2025-12-18,1230.00,SELL,-3.34,1.55,HOLD
AXISBANK,2025-12-19,1231.00,"STRONG SELL",-10.47,1.55,HOLD
AXISBANK,2025-12-22,1233.00,"STRONG SELL",-16.71,1.55,HOLD
AXISBANK,2025-12-23,1225.00,"STRONG SELL",-25.50,1.55,HOLD
AXISBANK,2025-12-24,1226.00,"STRONG SELL",-34.06,1.55,HOLD
AXISBANK,2025-12-26,1228.00,"STRONG SELL",-33.01,1.55,HOLD
AXISBANK,2025-12-29,1232.00,"STRONG SELL",-31.68,1.55,HOLD
AXISBANK,2025-12-30,1246.00,"STRONG SELL",-29.26,1.55,HOLD
AXISBANK,2025-12-31,1269.00,"STRONG SELL",-23.97,1.55,HOLD
AXISBANK,2026-01-01,1274.00,"STRONG SELL",-18.24,1.55,HOLD
AXISBANK,2026-01-02,1267.00,"STRONG SELL",-11.64,1.55,HOLD
AXISBANK,2026-01-05,1286.00,SELL,-3.40,1.55,HOLD
AXISBANK,2026-01-06,1294.00,BUY,5.19,1.55,HOLD
AXISBANK,2026-01-07,1296.00,"STRONG BUY",13.33,1.55,HOLD
AXISBANK,2026-01-08,1287.00,"STRONG BUY",19.29,1.55,HOLD
AXISBANK,2026-01-09,1272.00,"STRONG BUY",20.22,1.55,HOLD
AXISBANK,2026-01-12,1274.00,"STRONG BUY",20.42,1.55,HOLD
AXISBANK,2026-01-13,1262.00,"STRONG BUY",20.17,1.55,HOLD
AXISBANK,2026-01-14,1299.00,"STRONG BUY",20.66,1.55,HOLD
AXISBANK,2026-01-16,1294.00,"STRONG BUY",19.90,1.55,HOLD
AXISBANK,2026-01-19,1308.00,"STRONG BUY",20.67,1.55,HOLD
AXISBANK,2026-01-20,1294.00,"STRONG BUY",21.31,1.55,HOLD
AXISBANK,2026-01-21,1285.00,"STRONG BUY",22.80,1.55,HOLD
AXISBANK,2026-01-22,1295.00,"STRONG BUY",25.17,1.55,HOLD
AXISBANK,2026-01-23,1258.00,"STRONG BUY",25.30,1.55,HOLD
AXISBANK,2026-01-27,1316.00,"STRONG BUY",26.29,1.55,HOLD
AXISBANK,2026-01-28,1320.00,"STRONG BUY",28.87,1.55,HOLD
AXISBANK,2026-01-29,1364.00,"STRONG BUY",34.24,1.55,HOLD
AXISBANK,2026-01-30,1370.00,"STRONG BUY",40.10,1.55,HOLD
AXISBANK,2026-02-01,1340.00,"STRONG BUY",44.12,1.55,HOLD
AXISBANK,2026-02-02,1312.00,"STRONG BUY",43.81,1.55,HOLD
AXISBANK,2026-02-03,1356.00,"STRONG BUY",53.64,1.55,HOLD
AXISBANK,2026-02-04,1339.00,"STRONG BUY",53.40,1.55,HOLD
AXISBANK,2026-02-05,1331.00,"STRONG BUY",51.44,1.55,HOLD
AXISBANK,2026-02-06,1342.00,"STRONG BUY",44.43,1.55,HOLD
AXISBANK,2026-02-09,1341.00,"STRONG BUY",36.52,1.55,HOLD
AXISBANK,2026-02-10,1357.00,"STRONG BUY",34.78,1.55,HOLD
AXISBANK,2026-02-11,1347.00,"STRONG BUY",36.41,1.55,HOLD
AXISBANK,2026-02-12,1340.00,"STRONG BUY",31.76,1.55,HOLD
AXISBANK,2026-02-13,1332.00,"STRONG BUY",28.83,1.55,HOLD
AXISBANK,2026-02-16,1358.00,"STRONG BUY",29.66,1.55,HOLD
AXISBANK,2026-02-17,1357.00,"STRONG BUY",29.43,1.55,HOLD
AXISBANK,2026-02-18,1377.00,"STRONG BUY",31.80,1.55,HOLD
AXISBANK,2026-02-19,1357.00,"STRONG BUY",29.77,1.55,HOLD
AXISBANK,2026-02-20,1368.00,"STRONG BUY",30.07,1.55,HOLD
AXISBANK,2026-02-23,1387.00,"STRONG BUY",32.96,1.55,HOLD
AXISBANK,2026-02-24,1388.00,"STRONG BUY",37.16,1.55,HOLD
AXISBANK,2026-02-25,1403.00,"STRONG BUY",38.88,1.55,HOLD
AXISBANK,2026-02-26,1396.00,"STRONG BUY",41.22,1.55,HOLD
AXISBANK,2026-02-27,1384.00,"STRONG BUY",39.22,1.55,HOLD
AXISBANK,2026-03-02,1372.00,"STRONG BUY",39.23,1.55,HOLD
AXISBANK,2026-03-04,1351.00,"STRONG BUY",34.90,1.55,HOLD
AXISBANK,2026-03-05,1349.00,"STRONG BUY",27.34,1.55,HOLD
AXISBANK,2026-03-06,1316.00,"STRONG BUY",16.36,1.55,HOLD
AXISBANK,2026-03-09,1288.00,SELL,-1.07,1.55,HOLD
AXISBANK,2026-03-10,1315.00,"STRONG SELL",-12.61,1.55,HOLD
AXISBANK,2026-03-11,1256.00,"STRONG SELL",-28.77,1.55,HOLD
AXISBANK,2026-03-12,1235.00,"STRONG SELL",-44.04,1.55,HOLD
AXISBANK,2026-03-13,1197.00,"STRONG SELL",-60.27,1.55,HOLD
AXISBANK,2026-03-16,1215.00,"STRONG SELL",-75.24,1.55,HOLD
AXISBANK,2026-03-17,1228.00,"STRONG SELL",-85.02,1.55,HOLD
AXISBANK,2026-03-18,1253.00,"STRONG SELL",-86.59,1.55,HOLD
AXISBANK,2026-03-19,1207.00,"STRONG SELL",-97.61,1.55,HOLD
AXISBANK,2026-03-20,1204.00,"STRONG SELL",-100.81,1.55,HOLD
AXISBANK,2026-03-23,1171.00,"STRONG SELL",-104.26,1.55,HOLD
AXISBANK,2026-03-24,1193.00,"STRONG SELL",-99.89,1.55,HOLD
AXISBANK,2026-03-25,1222.00,"STRONG SELL",-94.39,1.55,HOLD
AXISBANK,2026-03-27,1205.00,"STRONG SELL",-92.94,1.55,HOLD
AXISBANK,2026-03-30,1161.00,"STRONG SELL",-100.12,1.55,HOLD
COALINDIA,2025-09-30,390.00,HOLD,0.00,1.66,HOLD
COALINDIA,2025-10-01,389.00,HOLD,0.00,1.66,HOLD
COALINDIA,2025-10-03,383.00,HOLD,0.00,1.66,HOLD
COALINDIA,2025-10-06,382.00,HOLD,0.00,1.66,HOLD
COALINDIA,2025-10-07,385.00,HOLD,0.00,1.66,HOLD
COALINDIA,2025-10-08,382.00,HOLD,0.00,1.66,HOLD
COALINDIA,2025-10-09,383.00,HOLD,0.00,1.66,HOLD
COALINDIA,2025-10-10,385.00,SELL,-0.74,1.66,HOLD
COALINDIA,2025-10-13,382.00,SELL,-1.42,1.66,HOLD
COALINDIA,2025-10-14,381.00,SELL,-1.34,1.66,HOLD
COALINDIA,2025-10-15,384.00,SELL,-1.04,1.66,HOLD
COALINDIA,2025-10-16,388.00,SELL,-0.93,1.66,HOLD
COALINDIA,2025-10-17,389.00,SELL,-0.28,1.66,HOLD
COALINDIA,2025-10-20,391.00,BUY,0.42,1.66,HOLD
COALINDIA,2025-10-21,391.00,BUY,0.90,1.66,HOLD
COALINDIA,2025-10-23,393.00,BUY,2.01,1.66,HOLD
COALINDIA,2025-10-24,394.00,BUY,3.41,1.66,HOLD
COALINDIA,2025-10-27,397.00,BUY,4.69,1.66,HOLD
COALINDIA,2025-10-28,391.00,BUY,4.92,1.66,HOLD
COALINDIA,2025-10-29,382.00,BUY,4.19,1.66,HOLD
COALINDIA,2025-10-30,388.00,BUY,3.72,1.66,HOLD
COALINDIA,2025-10-31,389.00,BUY,3.34,1.66,HOLD
COALINDIA,2025-11-03,389.00,BUY,2.70,1.66,HOLD
COALINDIA,2025-11-04,378.00,BUY,0.79,1.66,HOLD
COALINDIA,2025-11-06,373.00,SELL,-2.07,1.66,HOLD
COALINDIA,2025-11-07,376.00,SELL,-3.82,1.66,HOLD
COALINDIA,2025-11-10,381.00,SELL,-3.78,1.66,HOLD
COALINDIA,2025-11-11,383.00,SELL,-4.39,1.66,HOLD
COALINDIA,2025-11-12,387.00,SELL,-4.72,1.66,HOLD
COALINDIA,2025-11-13,383.00,SELL,-5.49,1.66,HOLD
COALINDIA,2025-11-14,387.00,SELL,-4.10,1.66,HOLD
COALINDIA,2025-11-17,388.00,SELL,-1.93,1.66,HOLD
COALINDIA,2025-11-18,384.00,SELL,-0.82,1.66,HOLD
COALINDIA,2025-11-19,379.00,SELL,-1.00,1.66,HOLD
COALINDIA,2025-11-20,380.00,SELL,-1.27,1.66,HOLD
COALINDIA,2025-11-21,378.00,SELL,-2.42,1.66,HOLD
COALINDIA,2025-11-24,373.00,SELL,-3.51,1.66,HOLD
COALINDIA,2025-11-25,370.00,SELL,-5.44,1.66,HOLD
COALINDIA,2025-11-26,377.00,SELL,-6.84,1.66,HOLD
COALINDIA,2025-11-27,378.00,SELL,-7.60,1.66,HOLD
COALINDIA,2025-11-28,376.00,SELL,-7.77,1.66,HOLD
COALINDIA,2025-12-01,380.00,SELL,-7.50,1.66,HOLD
COALINDIA,2025-12-02,379.00,SELL,-7.03,1.66,HOLD
COALINDIA,2025-12-03,375.00,SELL,-6.20,1.66,HOLD
COALINDIA,2025-12-04,379.00,SELL,-4.52,1.66,HOLD
COALINDIA,2025-12-05,380.00,SELL,-3.66,1.66,HOLD
COALINDIA,2025-12-08,377.00,SELL,-3.23,1.66,HOLD
COALINDIA,2025-12-09,379.00,SELL,-2.20,1.66,HOLD
COALINDIA,2025-12-10,382.00,SELL,-1.62,1.66,HOLD
COALINDIA,2025-12-11,384.00,SELL,-0.97,1.66,HOLD
COALINDIA,2025-12-12,383.00,BUY,0.34,1.66,HOLD
COALINDIA,2025-12-15,384.00,BUY,1.22,1.66,HOLD
COALINDIA,2025-12-16,382.00,BUY,1.74,1.66,HOLD
COALINDIA,2025-12-17,385.00,BUY,2.64,1.66,HOLD
COALINDIA,2025-12-18,385.00,BUY,3.10,1.66,HOLD
COALINDIA,2025-12-19,386.00,BUY,3.34,1.66,HOLD
COALINDIA,2025-12-22,386.00,BUY,3.46,1.66,HOLD
COALINDIA,2025-12-23,400.00,BUY,5.33,1.66,HOLD
COALINDIA,2025-12-24,402.00,BUY,7.40,1.66,HOLD
COALINDIA,2025-12-26,402.00,BUY,9.62,1.66,HOLD
COALINDIA,2025-12-29,401.00,"STRONG BUY",11.44,1.66,HOLD
COALINDIA,2025-12-30,398.00,"STRONG BUY",12.96,1.66,HOLD
COALINDIA,2025-12-31,399.00,"STRONG BUY",14.32,1.66,HOLD
COALINDIA,2026-01-01,400.00,"STRONG BUY",15.62,1.66,HOLD
COALINDIA,2026-01-02,428.00,"STRONG BUY",18.02,1.66,HOLD
COALINDIA,2026-01-05,427.00,"STRONG BUY",19.96,1.66,HOLD
COALINDIA,2026-01-06,427.00,"STRONG BUY",21.73,1.66,HOLD
COALINDIA,2026-01-07,432.00,"STRONG BUY",24.09,1.66,HOLD
COALINDIA,2026-01-08,425.00,"STRONG BUY",26.34,1.66,HOLD
COALINDIA,2026-01-09,418.00,"STRONG BUY",27.73,1.66,HOLD
COALINDIA,2026-01-12,432.00,"STRONG BUY",30.43,1.66,HOLD
COALINDIA,2026-01-13,429.00,"STRONG BUY",28.94,1.66,HOLD
COALINDIA,2026-01-14,432.00,"STRONG BUY",27.89,1.66,HOLD
COALINDIA,2026-01-16,431.00,"STRONG BUY",26.60,1.66,HOLD
COALINDIA,2026-01-19,430.00,"STRONG BUY",24.61,1.66,HOLD
COALINDIA,2026-01-20,415.00,"STRONG BUY",22.01,1.66,HOLD
COALINDIA,2026-01-21,414.00,"STRONG BUY",20.21,1.66,HOLD
COALINDIA,2026-01-22,423.00,"STRONG BUY",17.46,1.66,HOLD
COALINDIA,2026-01-23,418.00,"STRONG BUY",14.69,1.66,HOLD
COALINDIA,2026-01-27,423.00,"STRONG BUY",12.10,1.66,HOLD
COALINDIA,2026-01-28,444.00,"STRONG BUY",11.93,1.66,HOLD
COALINDIA,2026-01-29,456.00,"STRONG BUY",13.24,1.66,HOLD
COALINDIA,2026-01-30,441.00,"STRONG BUY",14.99,1.66,HOLD
COALINDIA,2026-02-01,420.00,"STRONG BUY",14.67,1.66,HOLD
COALINDIA,2026-02-02,424.00,"STRONG BUY",13.52,1.66,HOLD
COALINDIA,2026-02-03,429.00,"STRONG BUY",13.66,1.66,HOLD
COALINDIA,2026-02-04,435.00,"STRONG BUY",13.74,1.66,HOLD
COALINDIA,2026-02-05,432.00,"STRONG BUY",10.96,1.66,HOLD
COALINDIA,2026-02-06,433.00,BUY,6.64,1.66,HOLD
COALINDIA,2026-02-09,432.00,BUY,4.36,1.66,HOLD
COALINDIA,2026-02-10,431.00,BUY,4.93,1.66,HOLD
COALINDIA,2026-02-11,423.00,BUY,3.94,1.66,HOLD
COALINDIA,2026-02-12,419.00,BUY,1.86,1.66,HOLD
COALINDIA,2026-02-13,409.00,SELL,-2.16,1.66,HOLD
COALINDIA,2026-02-16,423.00,SELL,-3.28,1.66,HOLD
COALINDIA,2026-02-17,422.00,SELL,-4.69,1.66,HOLD
COALINDIA,2026-02-18,418.00,SELL,-6.39,1.66,HOLD
COALINDIA,2026-02-19,416.00,SELL,-8.00,1.66,HOLD
COALINDIA,2026-02-20,424.00,SELL,-7.82,1.66,HOLD
COALINDIA,2026-02-23,426.00,SELL,-7.09,1.66,HOLD
COALINDIA,2026-02-24,431.00,SELL,-3.91,1.66,HOLD
COALINDIA,2026-02-25,439.00,SELL,-1.96,1.66,HOLD
COALINDIA,2026-02-26,434.00,SELL,-0.31,1.66,HOLD
COALINDIA,2026-02-27,431.00,BUY,1.54,1.66,HOLD
COALINDIA,2026-03-02,426.00,BUY,3.11,1.66,HOLD
COALINDIA,2026-03-04,435.00,BUY,4.01,1.66,HOLD
COALINDIA,2026-03-05,449.00,BUY,6.13,1.66,HOLD
COALINDIA,2026-03-06,440.00,BUY,6.86,1.66,HOLD
COALINDIA,2026-03-09,438.00,BUY,6.04,1.66,HOLD
COALINDIA,2026-03-10,444.00,BUY,6.77,1.66,HOLD
COALINDIA,2026-03-11,447.00,BUY,8.96,1.66,HOLD
COALINDIA,2026-03-12,470.00,"STRONG BUY",14.77,1.66,HOLD
COALINDIA,2026-03-13,467.00,"STRONG BUY",18.48,1.66,HOLD
COALINDIA,2026-03-16,460.00,"STRONG BUY",18.72,1.66,HOLD
COALINDIA,2026-03-17,462.00,"STRONG BUY",20.60,1.66,HOLD
COALINDIA,2026-03-18,455.00,"STRONG BUY",22.16,1.66,HOLD
COALINDIA,2026-03-19,454.00,"STRONG BUY",22.96,1.66,HOLD
COALINDIA,2026-03-20,468.00,"STRONG BUY",24.76,1.66,HOLD
COALINDIA,2026-03-23,455.00,"STRONG BUY",21.87,1.66,HOLD
COALINDIA,2026-03-24,442.00,"STRONG BUY",17.97,1.66,HOLD
COALINDIA,2026-03-25,444.00,"STRONG BUY",15.26,1.66,HOLD
COALINDIA,2026-03-27,445.00,"STRONG BUY",12.09,1.66,HOLD
COALINDIA,2026-03-30,450.00,"STRONG BUY",10.34,1.66,HOLD
HCLTECH,2025-09-30,1385.00,HOLD,0.00,1.47,HOLD
HCLTECH,2025-10-01,1390.00,HOLD,0.00,1.47,HOLD
HCLTECH,2025-10-03,1394.00,HOLD,0.00,1.47,HOLD
HCLTECH,2025-10-06,1418.00,HOLD,0.00,1.47,HOLD
HCLTECH,2025-10-07,1433.00,HOLD,0.00,1.47,HOLD
HCLTECH,2025-10-08,1453.00,HOLD,0.00,1.47,HOLD
HCLTECH,2025-10-09,1487.00,HOLD,0.00,1.47,HOLD
HCLTECH,2025-10-10,1496.00,BUY,6.71,1.47,HOLD
HCLTECH,2025-10-13,1495.00,"STRONG BUY",14.71,1.47,HOLD
HCLTECH,2025-10-14,1495.00,"STRONG BUY",23.54,1.47,HOLD
HCLTECH,2025-10-15,1496.00,"STRONG BUY",30.02,1.47,HOLD
HCLTECH,2025-10-16,1515.00,"STRONG BUY",36.25,1.47,HOLD
HCLTECH,2025-10-17,1486.00,"STRONG BUY",38.56,1.47,HOLD
HCLTECH,2025-10-20,1495.00,"STRONG BUY",37.00,1.47,HOLD
HCLTECH,2025-10-21,1486.00,"STRONG BUY",33.83,1.47,HOLD
HCLTECH,2025-10-23,1524.00,"STRONG BUY",34.07,1.47,HOLD
HCLTECH,2025-10-24,1524.00,"STRONG BUY",34.77,1.47,HOLD
HCLTECH,2025-10-27,1534.00,"STRONG BUY",36.58,1.47,HOLD
HCLTECH,2025-10-28,1522.00,"STRONG BUY",34.98,1.47,HOLD
HCLTECH,2025-10-29,1557.00,"STRONG BUY",41.04,1.47,HOLD
HCLTECH,2025-10-30,1550.00,"STRONG BUY",45.52,1.47,HOLD
HCLTECH,2025-10-31,1542.00,"STRONG BUY",50.82,1.47,HOLD
HCLTECH,2025-11-03,1544.00,"STRONG BUY",51.13,1.47,HOLD
HCLTECH,2025-11-04,1529.00,"STRONG BUY",50.13,1.47,HOLD
HCLTECH,2025-11-06,1526.00,"STRONG BUY",47.53,1.47,HOLD
HCLTECH,2025-11-07,1512.00,"STRONG BUY",45.29,1.47,HOLD
HCLTECH,2025-11-10,1541.00,"STRONG BUY",41.19,1.47,HOLD
HCLTECH,2025-11-11,1570.00,"STRONG BUY",41.32,1.47,HOLD
HCLTECH,2025-11-12,1594.00,"STRONG BUY",45.38,1.47,HOLD
HCLTECH,2025-11-13,1599.00,"STRONG BUY",49.93,1.47,HOLD
HCLTECH,2025-11-14,1595.00,"STRONG BUY",52.36,1.47,HOLD
HCLTECH,2025-11-17,1606.00,"STRONG BUY",56.59,1.47,HOLD
HCLTECH,2025-11-18,1595.00,"STRONG BUY",61.74,1.47,HOLD
HCLTECH,2025-11-19,1663.00,"STRONG BUY",71.01,1.47,HOLD
HCLTECH,2025-11-20,1645.00,"STRONG BUY",74.66,1.47,HOLD
HCLTECH,2025-11-21,1608.00,"STRONG BUY",71.49,1.47,HOLD
HCLTECH,2025-11-24,1610.00,"STRONG BUY",68.96,1.47,HOLD
HCLTECH,2025-11-25,1601.00,"STRONG BUY",66.32,1.47,HOLD
HCLTECH,2025-11-26,1618.00,"STRONG BUY",63.93,1.47,HOLD
HCLTECH,2025-11-27,1629.00,"STRONG BUY",64.33,1.47,HOLD
HCLTECH,2025-11-28,1624.00,"STRONG BUY",54.49,1.47,HOLD
HCLTECH,2025-12-01,1643.00,"STRONG BUY",49.93,1.47,HOLD
HCLTECH,2025-12-02,1636.00,"STRONG BUY",48.93,1.47,HOLD
HCLTECH,2025-12-03,1641.00,"STRONG BUY",48.50,1.47,HOLD
HCLTECH,2025-12-04,1655.00,"STRONG BUY",50.57,1.47,HOLD
HCLTECH,2025-12-05,1683.00,"STRONG BUY",54.56,1.47,HOLD
HCLTECH,2025-12-08,1689.00,"STRONG BUY",57.63,1.47,HOLD
HCLTECH,2025-12-09,1658.00,"STRONG BUY",58.36,1.47,HOLD
HCLTECH,2025-12-10,1666.00,"STRONG BUY",56.84,1.47,HOLD
HCLTECH,2025-12-11,1672.00,"STRONG BUY",58.16,1.47,HOLD
HCLTECH,2025-12-12,1673.00,"STRONG BUY",58.63,1.47,HOLD
HCLTECH,2025-12-15,1684.00,"STRONG BUY",58.03,1.47,HOLD
HCLTECH,2025-12-16,1652.00,"STRONG BUY",50.00,1.47,HOLD
HCLTECH,2025-12-17,1655.00,"STRONG BUY",40.94,1.47,HOLD
HCLTECH,2025-12-18,1661.00,"STRONG BUY",36.87,1.47,HOLD
HCLTECH,2025-12-19,1642.00,"STRONG BUY",29.11,1.47,HOLD
HCLTECH,2025-12-22,1670.00,"STRONG BUY",24.53,1.47,HOLD
HCLTECH,2025-12-23,1680.00,"STRONG BUY",21.86,1.47,HOLD
HCLTECH,2025-12-24,1675.00,"STRONG BUY",17.87,1.47,HOLD
HCLTECH,2025-12-26,1661.00,"STRONG BUY",17.10,1.47,HOLD
HCLTECH,2025-12-29,1631.00,"STRONG BUY",12.47,1.47,HOLD
HCLTECH,2025-12-30,1615.00,BUY,5.60,1.47,HOLD
HCLTECH,2025-12-31,1623.00,BUY,1.94,1.47,HOLD
HCLTECH,2026-01-01,1635.00,SELL,-2.12,1.47,HOLD
HCLTECH,2026-01-02,1640.00,SELL,-7.67,1.47,HOLD
HCLTECH,2026-01-05,1608.00,"STRONG SELL",-17.24,1.47,HOLD
HCLTECH,2026-01-06,1616.00,"STRONG SELL",-23.87,1.47,HOLD
HCLTECH,2026-01-07,1648.00,"STRONG SELL",-23.00,1.47,HOLD
HCLTECH,2026-01-08,1647.00,"STRONG SELL",-19.40,1.47,HOLD
HCLTECH,2026-01-09,1661.00,"STRONG SELL",-15.04,1.47,HOLD
HCLTECH,2026-01-12,1668.00,"STRONG SELL",-11.79,1.47,HOLD
HCLTECH,2026-01-13,1665.00,SELL,-8.96,1.47,HOLD
HCLTECH,2026-01-14,1669.00,SELL,-1.34,1.47,HOLD
HCLTECH,2026-01-16,1698.00,BUY,8.47,1.47,HOLD
HCLTECH,2026-01-19,1717.00,"STRONG BUY",16.27,1.47,HOLD
HCLTECH,2026-01-20,1687.00,"STRONG BUY",21.84,1.47,HOLD
HCLTECH,2026-01-21,1683.00,"STRONG BUY",25.19,1.47,HOLD
HCLTECH,2026-01-22,1703.00,"STRONG BUY",28.69,1.47,HOLD
HCLTECH,2026-01-23,1707.00,"STRONG BUY",33.33,1.47,HOLD
HCLTECH,2026-01-27,1720.00,"STRONG BUY",39.01,1.47,HOLD
HCLTECH,2026-01-28,1730.00,"STRONG BUY",41.68,1.47,HOLD
HCLTECH,2026-01-29,1722.00,"STRONG BUY",41.13,1.47,HOLD
HCLTECH,2026-01-30,1696.00,"STRONG BUY",40.94,1.47,HOLD
HCLTECH,2026-02-01,1666.00,"STRONG BUY",38.16,1.47,HOLD
HCLTECH,2026-02-02,1677.00,"STRONG BUY",33.90,1.47,HOLD
HCLTECH,2026-02-03,1695.00,"STRONG BUY",30.43,1.47,HOLD
HCLTECH,2026-02-04,1622.00,"STRONG BUY",18.03,1.47,HOLD
HCLTECH,2026-02-05,1610.00,BUY,3.21,1.47,HOLD
HCLTECH,2026-02-06,1594.00,"STRONG SELL",-12.37,1.47,HOLD
HCLTECH,2026-02-09,1602.00,"STRONG SELL",-23.83,1.47,HOLD
HCLTECH,2026-02-10,1573.00,"STRONG SELL",-35.19,1.47,HOLD
HCLTECH,2026-02-11,1552.00,"STRONG SELL",-50.94,1.47,HOLD
HCLTECH,2026-02-12,1476.00,"STRONG SELL",-77.33,1.47,HOLD
HCLTECH,2026-02-13,1455.00,"STRONG SELL",-95.19,1.47,HOLD
HCLTECH,2026-02-16,1462.00,"STRONG SELL",-110.40,1.47,HOLD
HCLTECH,2026-02-17,1483.00,"STRONG SELL",-122.09,1.47,HOLD
HCLTECH,2026-02-18,1467.00,"STRONG SELL",-136.40,1.47,HOLD
HCLTECH,2026-02-19,1450.00,"STRONG SELL",-147.37,1.47,HOLD
HCLTECH,2026-02-20,1437.00,"STRONG SELL",-156.80,1.47,HOLD
HCLTECH,2026-02-23,1426.00,"STRONG SELL",-156.11,1.47,HOLD
HCLTECH,2026-02-24,1339.00,"STRONG SELL",-161.72,1.47,HOLD
HCLTECH,2026-02-25,1378.00,"STRONG SELL",-164.16,1.47,HOLD
HCLTECH,2026-02-26,1374.00,"STRONG SELL",-169.89,1.47,HOLD
HCLTECH,2026-02-27,1389.00,"STRONG SELL",-170.73,1.47,HOLD
HCLTECH,2026-03-02,1371.00,"STRONG SELL",-170.49,1.47,HOLD
HCLTECH,2026-03-04,1364.00,"STRONG SELL",-170.14,1.47,HOLD
HCLTECH,2026-03-05,1354.00,"STRONG SELL",-169.47,1.47,HOLD
HCLTECH,2026-03-06,1357.00,"STRONG SELL",-155.36,1.47,HOLD
HCLTECH,2026-03-09,1359.00,"STRONG SELL",-146.47,1.47,HOLD
HCLTECH,2026-03-10,1362.00,"STRONG SELL",-136.26,1.47,HOLD
HCLTECH,2026-03-11,1350.00,"STRONG SELL",-129.16,1.47,HOLD
HCLTECH,2026-03-12,1358.00,"STRONG SELL",-118.89,1.47,HOLD
HCLTECH,2026-03-13,1325.00,"STRONG SELL",-112.09,1.47,HOLD
HCLTECH,2026-03-16,1329.00,"STRONG SELL",-104.43,1.47,HOLD
HCLTECH,2026-03-17,1321.00,"STRONG SELL",-97.70,1.47,HOLD
HCLTECH,2026-03-18,1357.00,"STRONG SELL",-86.73,1.47,HOLD
HCLTECH,2026-03-19,1312.00,"STRONG SELL",-83.53,1.47,HOLD
HCLTECH,2026-03-20,1334.00,"STRONG SELL",-76.62,1.47,HOLD
HCLTECH,2026-03-23,1359.00,"STRONG SELL",-68.64,1.47,HOLD
HCLTECH,2026-03-24,1373.00,"STRONG SELL",-54.16,1.47,HOLD
HCLTECH,2026-03-25,1381.00,"STRONG SELL",-40.33,1.47,HOLD
HCLTECH,2026-03-27,1364.00,"STRONG SELL",-27.91,1.47,HOLD
HCLTECH,2026-03-30,1342.00,"STRONG SELL",-25.59,1.47,HOLD
HDFCBANK,2025-09-30,951.00,HOLD,0.00,1.24,HOLD
HDFCBANK,2025-10-01,965.00,HOLD,0.00,1.24,HOLD
HDFCBANK,2025-10-03,965.00,HOLD,0.00,1.24,HOLD
HDFCBANK,2025-10-06,973.00,HOLD,0.00,1.24,HOLD
HDFCBANK,2025-10-07,983.00,HOLD,0.00,1.24,HOLD
HDFCBANK,2025-10-08,979.00,HOLD,0.00,1.24,HOLD
HDFCBANK,2025-10-09,977.00,HOLD,0.00,1.24,HOLD
HDFCBANK,2025-10-10,981.00,BUY,2.96,1.24,HOLD
HDFCBANK,2025-10-13,977.00,BUY,4.10,1.24,HOLD
HDFCBANK,2025-10-14,977.00,BUY,5.34,1.24,HOLD
HDFCBANK,2025-10-15,978.00,BUY,5.59,1.24,HOLD
HDFCBANK,2025-10-16,994.00,BUY,5.43,1.24,HOLD
HDFCBANK,2025-10-17,1003.00,BUY,6.71,1.24,HOLD
HDFCBANK,2025-10-20,1003.00,BUY,8.57,1.24,HOLD
HDFCBANK,2025-10-21,1008.00,"STRONG BUY",10.50,1.24,HOLD
HDFCBANK,2025-10-23,1009.00,"STRONG BUY",13.31,1.24,HOLD
HDFCBANK,2025-10-24,995.00,"STRONG BUY",15.16,1.24,HOLD
HDFCBANK,2025-10-27,1003.00,"STRONG BUY",17.64,1.24,HOLD
HDFCBANK,2025-10-28,1004.00,"STRONG BUY",18.04,1.24,HOLD
HDFCBANK,2025-10-29,1008.00,"STRONG BUY",17.64,1.24,HOLD
HDFCBANK,2025-10-30,998.00,"STRONG BUY",16.38,1.24,HOLD
HDFCBANK,2025-10-31,987.00,"STRONG BUY",13.39,1.24,HOLD
HDFCBANK,2025-11-03,993.00,"STRONG BUY",10.86,1.24,HOLD
HDFCBANK,2025-11-04,985.00,BUY,9.53,1.24,HOLD
HDFCBANK,2025-11-06,985.00,BUY,7.05,1.24,HOLD
HDFCBANK,2025-11-07,982.00,BUY,4.10,1.24,HOLD
HDFCBANK,2025-11-10,985.00,BUY,0.90,1.24,HOLD
HDFCBANK,2025-11-11,992.00,SELL,-0.14,1.24,HOLD
HDFCBANK,2025-11-12,990.00,BUY,0.19,1.24,HOLD
HDFCBANK,2025-11-13,987.00,SELL,-0.66,1.24,HOLD
HDFCBANK,2025-11-14,990.00,SELL,-1.24,1.24,HOLD
HDFCBANK,2025-11-17,997.00,SELL,-0.60,1.24,HOLD
HDFCBANK,2025-11-18,992.00,SELL,-0.07,1.24,HOLD
HDFCBANK,2025-11-19,995.00,BUY,0.63,1.24,HOLD
HDFCBANK,2025-11-20,1009.00,BUY,2.19,1.24,HOLD
HDFCBANK,2025-11-21,998.00,BUY,2.70,1.24,HOLD
HDFCBANK,2025-11-24,999.00,BUY,3.67,1.24,HOLD
HDFCBANK,2025-11-25,990.00,BUY,3.37,1.24,HOLD
HDFCBANK,2025-11-26,1004.00,BUY,3.47,1.24,HOLD
HDFCBANK,2025-11-27,1010.00,BUY,4.94,1.24,HOLD
HDFCBANK,2025-11-28,1008.00,BUY,5.80,1.24,HOLD
HDFCBANK,2025-12-01,1002.00,BUY,4.54,1.24,HOLD
HDFCBANK,2025-12-02,990.00,BUY,3.83,1.24,HOLD
HDFCBANK,2025-12-03,1001.00,BUY,4.18,1.24,HOLD
HDFCBANK,2025-12-04,997.00,BUY,5.54,1.24,HOLD
HDFCBANK,2025-12-05,1003.00,BUY,5.60,1.24,HOLD
HDFCBANK,2025-12-08,1003.00,BUY,4.34,1.24,HOLD
HDFCBANK,2025-12-09,997.00,BUY,2.97,1.24,HOLD
HDFCBANK,2025-12-10,990.00,BUY,1.72,1.24,HOLD
HDFCBANK,2025-12-11,1000.00,BUY,3.41,1.24,HOLD
HDFCBANK,2025-12-12,1002.00,BUY,3.43,1.24,HOLD
HDFCBANK,2025-12-15,996.00,BUY,2.98,1.24,HOLD
HDFCBANK,2025-12-16,994.00,BUY,1.66,1.24,HOLD
HDFCBANK,2025-12-17,984.00,SELL,-1.02,1.24,HOLD
HDFCBANK,2025-12-18,980.00,SELL,-3.28,1.24,HOLD
HDFCBANK,2025-12-19,986.00,SELL,-3.99,1.24,HOLD
HDFCBANK,2025-12-22,988.00,SELL,-5.80,1.24,HOLD
HDFCBANK,2025-12-23,997.00,SELL,-6.68,1.24,HOLD
HDFCBANK,2025-12-24,997.00,SELL,-6.77,1.24,HOLD
HDFCBANK,2025-12-26,992.00,SELL,-7.23,1.24,HOLD
HDFCBANK,2025-12-29,992.00,SELL,-6.14,1.24,HOLD
HDFCBANK,2025-12-30,991.00,SELL,-4.37,1.24,HOLD
HDFCBANK,2025-12-31,991.00,SELL,-3.63,1.24,HOLD
HDFCBANK,2026-01-01,991.00,SELL,-3.07,1.24,HOLD
HDFCBANK,2026-01-02,1002.00,SELL,-2.12,1.24,HOLD
HDFCBANK,2026-01-05,978.00,SELL,-4.17,1.24,HOLD
HDFCBANK,2026-01-06,962.00,SELL,-7.22,1.24,HOLD
HDFCBANK,2026-01-07,949.00,"STRONG SELL",-12.00,1.24,HOLD
HDFCBANK,2026-01-08,947.00,"STRONG SELL",-16.38,1.24,HOLD
HDFCBANK,2026-01-09,939.00,"STRONG SELL",-21.44,1.24,HOLD
HDFCBANK,2026-01-12,937.00,"STRONG SELL",-26.79,1.24,HOLD
HDFCBANK,2026-01-13,937.00,"STRONG SELL",-33.91,1.24,HOLD
HDFCBANK,2026-01-14,925.00,"STRONG SELL",-39.31,1.24,HOLD
HDFCBANK,2026-01-16,931.00,"STRONG SELL",-41.41,1.24,HOLD
HDFCBANK,2026-01-19,928.00,"STRONG SELL",-42.11,1.24,HOLD
HDFCBANK,2026-01-20,931.00,"STRONG SELL",-42.00,1.24,HOLD
HDFCBANK,2026-01-21,920.00,"STRONG SELL",-41.94,1.24,HOLD
HDFCBANK,2026-01-22,919.00,"STRONG SELL",-41.91,1.24,HOLD
HDFCBANK,2026-01-23,916.00,"STRONG SELL",-42.44,1.24,HOLD
HDFCBANK,2026-01-27,926.00,"STRONG SELL",-39.84,1.24,HOLD
HDFCBANK,2026-01-28,933.00,"STRONG SELL",-37.26,1.24,HOLD
HDFCBANK,2026-01-29,936.00,"STRONG SELL",-34.11,1.24,HOLD
HDFCBANK,2026-01-30,929.00,"STRONG SELL",-32.23,1.24,HOLD
HDFCBANK,2026-02-01,922.00,"STRONG SELL",-29.87,1.24,HOLD
HDFCBANK,2026-02-02,928.00,"STRONG SELL",-26.86,1.24,HOLD
HDFCBANK,2026-02-03,949.00,"STRONG SELL",-20.91,1.24,HOLD
HDFCBANK,2026-02-04,953.00,"STRONG SELL",-15.89,1.24,HOLD
HDFCBANK,2026-02-05,950.00,"STRONG SELL",-11.89,1.24,HOLD
HDFCBANK,2026-02-06,941.00,SELL,-9.31,1.24,HOLD
HDFCBANK,2026-02-09,937.00,SELL,-6.33,1.24,HOLD
HDFCBANK,2026-02-10,932.00,SELL,-2.90,1.24,HOLD
HDFCBANK,2026-02-11,927.00,SELL,-0.91,1.24,HOLD
HDFCBANK,2026-02-12,921.00,SELL,-2.58,1.24,HOLD
HDFCBANK,2026-02-13,904.00,SELL,-6.68,1.24,HOLD
HDFCBANK,2026-02-16,926.00,SELL,-7.57,1.24,HOLD
HDFCBANK,2026-02-17,926.00,SELL,-7.99,1.24,HOLD
HDFCBANK,2026-02-18,925.00,SELL,-8.47,1.24,HOLD
HDFCBANK,2026-02-19,916.00,SELL,-9.66,1.24,HOLD
HDFCBANK,2026-02-20,912.00,"STRONG SELL",-10.63,1.24,HOLD
HDFCBANK,2026-02-23,924.00,SELL,-9.70,1.24,HOLD
HDFCBANK,2026-02-24,911.00,SELL,-7.83,1.24,HOLD
HDFCBANK,2026-02-25,908.00,SELL,-9.44,1.24,HOLD
HDFCBANK,2026-02-26,899.00,"STRONG SELL",-12.43,1.24,HOLD
HDFCBANK,2026-02-27,888.00,"STRONG SELL",-16.28,1.24,HOLD
HDFCBANK,2026-03-02,879.00,"STRONG SELL",-19.93,1.24,HOLD
HDFCBANK,2026-03-04,869.00,"STRONG SELL",-24.01,1.24,HOLD
HDFCBANK,2026-03-05,878.00,"STRONG SELL",-29.18,1.24,HOLD
HDFCBANK,2026-03-06,857.00,"STRONG SELL",-34.83,1.24,HOLD
HDFCBANK,2026-03-09,841.00,"STRONG SELL",-41.90,1.24,HOLD
HDFCBANK,2026-03-10,849.00,"STRONG SELL",-46.47,1.24,HOLD
HDFCBANK,2026-03-11,834.00,"STRONG SELL",-50.89,1.24,HOLD
HDFCBANK,2026-03-12,833.00,"STRONG SELL",-54.03,1.24,HOLD
HDFCBANK,2026-03-13,817.00,"STRONG SELL",-57.73,1.24,HOLD
HDFCBANK,2026-03-16,841.00,"STRONG SELL",-60.31,1.24,HOLD
HDFCBANK,2026-03-17,845.00,"STRONG SELL",-59.26,1.24,HOLD
HDFCBANK,2026-03-18,843.00,"STRONG SELL",-55.44,1.24,HOLD
HDFCBANK,2026-03-19,798.00,"STRONG SELL",-57.56,1.24,HOLD
HDFCBANK,2026-03-20,780.00,"STRONG SELL",-59.60,1.24,HOLD
HDFCBANK,2026-03-23,744.00,"STRONG SELL",-65.76,1.24,HOLD
HDFCBANK,2026-03-24,765.00,"STRONG SELL",-67.44,1.24,HOLD
HDFCBANK,2026-03-25,782.00,"STRONG SELL",-70.87,1.24,HOLD
HDFCBANK,2026-03-27,756.00,"STRONG SELL",-77.89,1.24,HOLD
HDFCBANK,2026-03-30,732.00,"STRONG SELL",-87.44,1.24,HOLD
HINDUNILVR,2025-09-30,2514.00,HOLD,0.00,1.19,HOLD
HINDUNILVR,2025-10-01,2536.00,HOLD,0.00,1.19,HOLD
HINDUNILVR,2025-10-03,2545.00,HOLD,0.00,1.19,HOLD
HINDUNILVR,2025-10-06,2542.00,HOLD,0.00,1.19,HOLD
HINDUNILVR,2025-10-07,2517.00,HOLD,0.00,1.19,HOLD
HINDUNILVR,2025-10-08,2500.00,HOLD,0.00,1.19,HOLD
HINDUNILVR,2025-10-09,2518.00,HOLD,0.00,1.19,HOLD
HINDUNILVR,2025-10-10,2529.00,BUY,1.58,1.19,HOLD
HINDUNILVR,2025-10-13,2493.00,SELL,-0.99,1.19,HOLD
HINDUNILVR,2025-10-14,2502.00,SELL,-5.17,1.19,HOLD
HINDUNILVR,2025-10-15,2519.00,SELL,-8.41,1.19,HOLD
HINDUNILVR,2025-10-16,2562.00,SELL,-5.51,1.19,HOLD
HINDUNILVR,2025-10-17,2604.00,BUY,3.12,1.19,HOLD
HINDUNILVR,2025-10-20,2594.00,BUY,9.36,1.19,HOLD
HINDUNILVR,2025-10-21,2592.00,"STRONG BUY",14.49,1.19,HOLD
HINDUNILVR,2025-10-23,2602.00,"STRONG BUY",26.05,1.19,HOLD
HINDUNILVR,2025-10-24,2516.00,"STRONG BUY",29.57,1.19,HOLD
HINDUNILVR,2025-10-27,2512.00,"STRONG BUY",30.14,1.19,HOLD
HINDUNILVR,2025-10-28,2497.00,"STRONG BUY",23.04,1.19,HOLD
HINDUNILVR,2025-10-29,2488.00,BUY,8.90,1.19,HOLD
HINDUNILVR,2025-10-30,2470.00,SELL,-5.76,1.19,HOLD
HINDUNILVR,2025-10-31,2466.00,"STRONG SELL",-20.80,1.19,HOLD
HINDUNILVR,2025-11-03,2460.00,"STRONG SELL",-38.13,1.19,HOLD
HINDUNILVR,2025-11-04,2446.00,"STRONG SELL",-44.83,1.19,HOLD
HINDUNILVR,2025-11-06,2436.00,"STRONG SELL",-52.26,1.19,HOLD
HINDUNILVR,2025-11-07,2414.00,"STRONG SELL",-60.09,1.19,HOLD
HINDUNILVR,2025-11-10,2409.00,"STRONG SELL",-67.48,1.19,HOLD
HINDUNILVR,2025-11-11,2428.00,"STRONG SELL",-70.54,1.19,HOLD
HINDUNILVR,2025-11-12,2425.00,"STRONG SELL",-73.55,1.19,HOLD
HINDUNILVR,2025-11-13,2408.00,"STRONG SELL",-77.76,1.19,HOLD
HINDUNILVR,2025-11-14,2428.00,"STRONG SELL",-77.46,1.19,HOLD
HINDUNILVR,2025-11-17,2425.00,"STRONG SELL",-75.33,1.19,HOLD
HINDUNILVR,2025-11-18,2404.00,"STRONG SELL",-72.06,1.19,HOLD
HINDUNILVR,2025-11-19,2442.00,"STRONG SELL",-64.01,1.19,HOLD
HINDUNILVR,2025-11-20,2428.00,"STRONG SELL",-61.04,1.19,HOLD
HINDUNILVR,2025-11-21,2434.00,"STRONG SELL",-57.56,1.19,HOLD
HINDUNILVR,2025-11-24,2424.00,"STRONG SELL",-52.14,1.19,HOLD
HINDUNILVR,2025-11-25,2414.00,"STRONG SELL",-50.30,1.19,HOLD
HINDUNILVR,2025-11-26,2425.00,"STRONG SELL",-48.04,1.19,HOLD
HINDUNILVR,2025-11-27,2452.00,"STRONG SELL",-39.51,1.19,HOLD
HINDUNILVR,2025-11-28,2426.00,"STRONG SELL",-38.70,1.19,HOLD
HINDUNILVR,2025-12-01,2424.00,"STRONG SELL",-34.67,1.19,HOLD
HINDUNILVR,2025-12-02,2437.00,"STRONG SELL",-28.67,1.19,HOLD
HINDUNILVR,2025-12-03,2408.00,"STRONG SELL",-24.76,1.19,HOLD
HINDUNILVR,2025-12-04,2422.00,"STRONG SELL",-17.96,1.19,HOLD
HINDUNILVR,2025-12-05,2339.00,"STRONG SELL",-21.47,1.19,HOLD
HINDUNILVR,2025-12-08,2314.00,"STRONG SELL",-34.46,1.19,HOLD
HINDUNILVR,2025-12-09,2307.00,"STRONG SELL",-44.62,1.19,HOLD
HINDUNILVR,2025-12-10,2302.00,"STRONG SELL",-55.54,1.19,HOLD
HINDUNILVR,2025-12-11,2306.00,"STRONG SELL",-68.20,1.19,HOLD
HINDUNILVR,2025-12-12,2261.00,"STRONG SELL",-82.23,1.19,HOLD
HINDUNILVR,2025-12-15,2294.00,"STRONG SELL",-94.78,1.19,HOLD
HINDUNILVR,2025-12-16,2281.00,"STRONG SELL",-97.10,1.19,HOLD
HINDUNILVR,2025-12-17,2276.00,"STRONG SELL",-96.86,1.19,HOLD
HINDUNILVR,2025-12-18,2266.00,"STRONG SELL",-97.06,1.19,HOLD
HINDUNILVR,2025-12-19,2280.00,"STRONG SELL",-95.73,1.19,HOLD
HINDUNILVR,2025-12-22,2290.00,"STRONG SELL",-94.04,1.19,HOLD
HINDUNILVR,2025-12-23,2303.00,"STRONG SELL",-83.88,1.19,HOLD
HINDUNILVR,2025-12-24,2282.00,"STRONG SELL",-80.83,1.19,HOLD
HINDUNILVR,2025-12-26,2285.00,"STRONG SELL",-76.16,1.19,HOLD
HINDUNILVR,2025-12-29,2293.00,"STRONG SELL",-69.23,1.19,HOLD
HINDUNILVR,2025-12-30,2290.00,"STRONG SELL",-61.30,1.19,HOLD
HINDUNILVR,2025-12-31,2316.00,"STRONG SELL",-53.23,1.19,HOLD
HINDUNILVR,2026-01-01,2323.00,"STRONG SELL",-44.54,1.19,HOLD
HINDUNILVR,2026-01-02,2348.00,"STRONG SELL",-35.44,1.19,HOLD
HINDUNILVR,2026-01-05,2384.00,"STRONG SELL",-19.21,1.19,HOLD
HINDUNILVR,2026-01-06,2425.00,BUY,0.76,1.19,HOLD
HINDUNILVR,2026-01-07,2399.00,"STRONG BUY",16.40,1.19,HOLD
HINDUNILVR,2026-01-08,2387.00,"STRONG BUY",31.53,1.19,HOLD
HINDUNILVR,2026-01-09,2373.00,"STRONG BUY",42.30,1.19,HOLD
HINDUNILVR,2026-01-12,2406.00,"STRONG BUY",54.83,1.19,HOLD
HINDUNILVR,2026-01-13,2390.00,"STRONG BUY",61.96,1.19,HOLD
HINDUNILVR,2026-01-14,2354.00,"STRONG BUY",60.44,1.19,HOLD
HINDUNILVR,2026-01-16,2360.00,"STRONG BUY",52.76,1.19,HOLD
HINDUNILVR,2026-01-19,2414.00,"STRONG BUY",55.16,1.19,HOLD
HINDUNILVR,2026-01-20,2379.00,"STRONG BUY",52.69,1.19,HOLD
HINDUNILVR,2026-01-21,2368.00,"STRONG BUY",50.17,1.19,HOLD
HINDUNILVR,2026-01-22,2391.00,"STRONG BUY",45.23,1.19,HOLD
HINDUNILVR,2026-01-23,2410.00,"STRONG BUY",44.49,1.19,HOLD
HINDUNILVR,2026-01-27,2401.00,"STRONG BUY",48.03,1.19,HOLD
HINDUNILVR,2026-01-28,2378.00,"STRONG BUY",46.70,1.19,HOLD
HINDUNILVR,2026-01-29,2353.00,"STRONG BUY",36.03,1.19,HOLD
HINDUNILVR,2026-01-30,2373.00,"STRONG BUY",32.10,1.19,HOLD
HINDUNILVR,2026-02-01,2351.00,"STRONG BUY",27.17,1.19,HOLD
HINDUNILVR,2026-02-02,2357.00,"STRONG BUY",19.28,1.19,HOLD
HINDUNILVR,2026-02-03,2369.00,"STRONG BUY",10.46,1.19,HOLD
HINDUNILVR,2026-02-04,2371.00,BUY,3.47,1.19,HOLD
HINDUNILVR,2026-02-05,2354.00,SELL,-1.66,1.19,HOLD
HINDUNILVR,2026-02-06,2424.00,BUY,3.76,1.19,HOLD
HINDUNILVR,2026-02-09,2435.00,BUY,7.61,1.19,HOLD
HINDUNILVR,2026-02-10,2454.00,"STRONG BUY",16.96,1.19,HOLD
HINDUNILVR,2026-02-11,2463.00,"STRONG BUY",26.33,1.19,HOLD
HINDUNILVR,2026-02-12,2410.00,"STRONG BUY",29.06,1.19,HOLD
HINDUNILVR,2026-02-13,2305.00,"STRONG BUY",20.23,1.19,HOLD
HINDUNILVR,2026-02-16,2319.00,"STRONG BUY",16.20,1.19,HOLD
HINDUNILVR,2026-02-17,2312.00,BUY,2.60,1.19,HOLD
HINDUNILVR,2026-02-18,2324.00,SELL,-9.90,1.19,HOLD
HINDUNILVR,2026-02-19,2279.00,"STRONG SELL",-30.90,1.19,HOLD
HINDUNILVR,2026-02-20,2315.00,"STRONG SELL",-49.64,1.19,HOLD
HINDUNILVR,2026-02-23,2345.00,"STRONG SELL",-57.99,1.19,HOLD
HINDUNILVR,2026-02-24,2359.00,"STRONG SELL",-48.71,1.19,HOLD
HINDUNILVR,2026-02-25,2375.00,"STRONG SELL",-40.21,1.19,HOLD
HINDUNILVR,2026-02-26,2383.00,"STRONG SELL",-31.03,1.19,HOLD
HINDUNILVR,2026-02-27,2338.00,"STRONG SELL",-28.30,1.19,HOLD
HINDUNILVR,2026-03-02,2321.00,"STRONG SELL",-19.20,1.19,HOLD
HINDUNILVR,2026-03-04,2261.00,"STRONG SELL",-22.98,1.19,HOLD
HINDUNILVR,2026-03-05,2255.00,"STRONG SELL",-32.07,1.19,HOLD
HINDUNILVR,2026-03-06,2226.00,"STRONG SELL",-45.57,1.19,HOLD
HINDUNILVR,2026-03-09,2195.00,"STRONG SELL",-64.12,1.19,HOLD
HINDUNILVR,2026-03-10,2190.00,"STRONG SELL",-84.66,1.19,HOLD
HINDUNILVR,2026-03-11,2161.00,"STRONG SELL",-102.71,1.19,HOLD
HINDUNILVR,2026-03-12,2137.00,"STRONG SELL",-121.80,1.19,HOLD
HINDUNILVR,2026-03-13,2160.00,"STRONG SELL",-129.13,1.19,HOLD
HINDUNILVR,2026-03-16,2176.00,"STRONG SELL",-134.57,1.19,HOLD
HINDUNILVR,2026-03-17,2158.00,"STRONG SELL",-137.66,1.19,HOLD
HINDUNILVR,2026-03-18,2135.00,"STRONG SELL",-138.43,1.19,HOLD
HINDUNILVR,2026-03-19,2077.00,"STRONG SELL",-144.77,1.19,HOLD
HINDUNILVR,2026-03-20,2083.00,"STRONG SELL",-146.88,1.19,HOLD
HINDUNILVR,2026-03-23,2052.00,"STRONG SELL",-146.63,1.19,HOLD
HINDUNILVR,2026-03-24,2085.00,"STRONG SELL",-145.67,1.19,HOLD
HINDUNILVR,2026-03-25,2135.00,"STRONG SELL",-140.90,1.19,HOLD
HINDUNILVR,2026-03-27,2074.00,"STRONG SELL",-139.93,1.19,HOLD
HINDUNILVR,2026-03-30,2055.00,"STRONG SELL",-139.53,1.19,HOLD
ICICIBANK,2025-09-30,1348.00,HOLD,0.00,1.23,HOLD
ICICIBANK,2025-10-01,1372.00,HOLD,0.00,1.23,HOLD
ICICIBANK,2025-10-03,1365.00,HOLD,0.00,1.23,HOLD
ICICIBANK,2025-10-06,1363.00,HOLD,0.00,1.23,HOLD
ICICIBANK,2025-10-07,1376.00,HOLD,0.00,1.23,HOLD
ICICIBANK,2025-10-08,1370.00,HOLD,0.00,1.23,HOLD
ICICIBANK,2025-10-09,1376.00,HOLD,0.00,1.23,HOLD
ICICIBANK,2025-10-10,1380.00,BUY,2.96,1.23,HOLD
ICICIBANK,2025-10-13,1379.00,BUY,2.82,1.23,HOLD
ICICIBANK,2025-10-14,1384.00,BUY,4.13,1.23,HOLD
ICICIBANK,2025-10-15,1398.00,BUY,6.70,1.23,HOLD
ICICIBANK,2025-10-16,1417.00,BUY,8.96,1.23,HOLD
ICICIBANK,2025-10-17,1437.00,"STRONG BUY",13.94,1.23,HOLD
ICICIBANK,2025-10-20,1390.00,"STRONG BUY",15.36,1.23,HOLD
ICICIBANK,2025-10-21,1382.00,"STRONG BUY",15.67,1.23,HOLD
ICICIBANK,2025-10-23,1364.00,"STRONG BUY",14.69,1.23,HOLD
ICICIBANK,2025-10-24,1378.00,"STRONG BUY",14.02,1.23,HOLD
ICICIBANK,2025-10-27,1378.00,"STRONG BUY",11.35,1.23,HOLD
ICICIBANK,2025-10-28,1363.00,BUY,4.57,1.23,HOLD
ICICIBANK,2025-10-29,1370.00,SELL,-4.50,1.23,HOLD
ICICIBANK,2025-10-30,1362.00,SELL,-7.67,1.23,HOLD
ICICIBANK,2025-10-31,1345.00,"STRONG SELL",-11.43,1.23,HOLD
ICICIBANK,2025-11-03,1346.00,"STRONG SELL",-12.64,1.23,HOLD
ICICIBANK,2025-11-04,1337.00,"STRONG SELL",-16.88,1.23,HOLD
ICICIBANK,2025-11-06,1320.00,"STRONG SELL",-23.00,1.23,HOLD
ICICIBANK,2025-11-07,1343.00,"STRONG SELL",-24.74,1.23,HOLD
ICICIBANK,2025-11-10,1348.00,"STRONG SELL",-27.04,1.23,HOLD
ICICIBANK,2025-11-11,1358.00,"STRONG SELL",-27.18,1.23,HOLD
ICICIBANK,2025-11-12,1359.00,"STRONG SELL",-24.81,1.23,HOLD
ICICIBANK,2025-11-13,1386.00,"STRONG SELL",-19.66,1.23,HOLD
ICICIBANK,2025-11-14,1373.00,"STRONG SELL",-15.34,1.23,HOLD
ICICIBANK,2025-11-17,1379.00,SELL,-7.16,1.23,HOLD
ICICIBANK,2025-11-18,1373.00,SELL,-3.13,1.23,HOLD
ICICIBANK,2025-11-19,1383.00,BUY,1.20,1.23,HOLD
ICICIBANK,2025-11-20,1383.00,BUY,4.54,1.23,HOLD
ICICIBANK,2025-11-21,1370.00,BUY,6.11,1.23,HOLD
ICICIBANK,2025-11-24,1368.00,BUY,3.80,1.23,HOLD
ICICIBANK,2025-11-25,1358.00,BUY,2.40,1.23,HOLD
ICICIBANK,2025-11-26,1375.00,BUY,1.96,1.23,HOLD
ICICIBANK,2025-11-27,1392.00,BUY,4.40,1.23,HOLD
ICICIBANK,2025-11-28,1389.00,BUY,5.56,1.23,HOLD
ICICIBANK,2025-12-01,1390.00,BUY,7.46,1.23,HOLD
ICICIBANK,2025-12-02,1373.00,"STRONG BUY",10.03,1.23,HOLD
ICICIBANK,2025-12-03,1392.00,"STRONG BUY",13.39,1.23,HOLD
ICICIBANK,2025-12-04,1387.00,"STRONG BUY",17.36,1.23,HOLD
ICICIBANK,2025-12-05,1393.00,"STRONG BUY",18.97,1.23,HOLD
ICICIBANK,2025-12-08,1390.00,"STRONG BUY",18.28,1.23,HOLD
ICICIBANK,2025-12-09,1375.00,"STRONG BUY",16.38,1.23,HOLD
ICICIBANK,2025-12-10,1364.00,"STRONG BUY",12.63,1.23,HOLD
ICICIBANK,2025-12-11,1360.00,"STRONG BUY",11.11,1.23,HOLD
ICICIBANK,2025-12-12,1366.00,BUY,7.26,1.23,HOLD
ICICIBANK,2025-12-15,1365.00,BUY,3.46,1.23,HOLD
ICICIBANK,2025-12-16,1366.00,SELL,-1.07,1.23,HOLD
ICICIBANK,2025-12-17,1352.00,SELL,-7.00,1.23,HOLD
ICICIBANK,2025-12-18,1357.00,"STRONG SELL",-10.80,1.23,HOLD
ICICIBANK,2025-12-19,1354.00,"STRONG SELL",-12.60,1.23,HOLD
ICICIBANK,2025-12-22,1369.00,"STRONG SELL",-12.01,1.23,HOLD
ICICIBANK,2025-12-23,1363.00,"STRONG SELL",-12.61,1.23,HOLD
ICICIBANK,2025-12-24,1360.00,"STRONG SELL",-13.36,1.23,HOLD
ICICIBANK,2025-12-26,1350.00,"STRONG SELL",-14.44,1.23,HOLD
ICICIBANK,2025-12-29,1343.00,"STRONG SELL",-14.73,1.23,HOLD
ICICIBANK,2025-12-30,1343.00,"STRONG SELL",-15.53,1.23,HOLD
ICICIBANK,2025-12-31,1343.00,"STRONG SELL",-16.10,1.23,HOLD
ICICIBANK,2026-01-01,1338.00,"STRONG SELL",-19.03,1.23,HOLD
ICICIBANK,2026-01-02,1355.00,"STRONG SELL",-19.24,1.23,HOLD
ICICIBANK,2026-01-05,1372.00,"STRONG SELL",-17.59,1.23,HOLD
ICICIBANK,2026-01-06,1411.00,"STRONG SELL",-10.31,1.23,HOLD
ICICIBANK,2026-01-07,1428.00,SELL,-0.50,1.23,HOLD
ICICIBANK,2026-01-08,1435.00,"STRONG BUY",10.64,1.23,HOLD
ICICIBANK,2026-01-09,1404.00,"STRONG BUY",18.96,1.23,HOLD
ICICIBANK,2026-01-12,1413.00,"STRONG BUY",28.87,1.23,HOLD
ICICIBANK,2026-01-13,1437.00,"STRONG BUY",39.02,1.23,HOLD
ICICIBANK,2026-01-14,1418.00,"STRONG BUY",44.09,1.23,HOLD
ICICIBANK,2026-01-16,1411.00,"STRONG BUY",43.46,1.23,HOLD
ICICIBANK,2026-01-19,1381.00,"STRONG BUY",36.94,1.23,HOLD
ICICIBANK,2026-01-20,1376.00,"STRONG BUY",29.08,1.23,HOLD
ICICIBANK,2026-01-21,1349.00,"STRONG BUY",22.59,1.23,HOLD
ICICIBANK,2026-01-22,1346.00,"STRONG BUY",13.99,1.23,HOLD
ICICIBANK,2026-01-23,1343.00,BUY,1.26,1.23,HOLD
ICICIBANK,2026-01-27,1361.00,SELL,-6.92,1.23,HOLD
ICICIBANK,2026-01-28,1368.00,"STRONG SELL",-13.13,1.23,HOLD
ICICIBANK,2026-01-29,1384.00,"STRONG SELL",-13.33,1.23,HOLD
ICICIBANK,2026-01-30,1355.00,"STRONG SELL",-15.97,1.23,HOLD
ICICIBANK,2026-02-01,1334.00,"STRONG SELL",-17.51,1.23,HOLD
ICICIBANK,2026-02-02,1353.00,"STRONG SELL",-16.37,1.23,HOLD
ICICIBANK,2026-02-03,1390.00,"STRONG SELL",-10.86,1.23,HOLD
ICICIBANK,2026-02-04,1408.00,SELL,-5.44,1.23,HOLD
ICICIBANK,2026-02-05,1397.00,SELL,-2.44,1.23,HOLD
ICICIBANK,2026-02-06,1406.00,SELL,-0.83,1.23,HOLD
ICICIBANK,2026-02-09,1396.00,BUY,3.50,1.23,HOLD
ICICIBANK,2026-02-10,1407.00,"STRONG BUY",11.79,1.23,HOLD
ICICIBANK,2026-02-11,1406.00,"STRONG BUY",17.26,1.23,HOLD
ICICIBANK,2026-02-12,1430.00,"STRONG BUY",20.07,1.23,HOLD
ICICIBANK,2026-02-13,1415.00,"STRONG BUY",18.51,1.23,HOLD
ICICIBANK,2026-02-16,1412.00,"STRONG BUY",18.76,1.23,HOLD
ICICIBANK,2026-02-17,1408.00,"STRONG BUY",17.84,1.23,HOLD
ICICIBANK,2026-02-18,1408.00,"STRONG BUY",19.66,1.23,HOLD
ICICIBANK,2026-02-19,1389.00,"STRONG BUY",18.38,1.23,HOLD
ICICIBANK,2026-02-20,1395.00,"STRONG BUY",18.14,1.23,HOLD
ICICIBANK,2026-02-23,1399.00,"STRONG BUY",13.88,1.23,HOLD
ICICIBANK,2026-02-24,1385.00,"STRONG BUY",10.53,1.23,HOLD
ICICIBANK,2026-02-25,1401.00,"STRONG BUY",10.16,1.23,HOLD
ICICIBANK,2026-02-26,1405.00,"STRONG BUY",10.16,1.23,HOLD
ICICIBANK,2026-02-27,1379.00,BUY,7.09,1.23,HOLD
ICICIBANK,2026-03-02,1374.00,BUY,5.17,1.23,HOLD
ICICIBANK,2026-03-04,1365.00,BUY,1.26,1.23,HOLD
ICICIBANK,2026-03-05,1358.00,SELL,-4.90,1.23,HOLD
ICICIBANK,2026-03-06,1313.00,"STRONG SELL",-14.09,1.23,HOLD
ICICIBANK,2026-03-09,1278.00,"STRONG SELL",-29.49,1.23,HOLD
ICICIBANK,2026-03-10,1312.00,"STRONG SELL",-41.14,1.23,HOLD
ICICIBANK,2026-03-11,1295.00,"STRONG SELL",-50.71,1.23,HOLD
ICICIBANK,2026-03-12,1267.00,"STRONG SELL",-62.10,1.23,HOLD
ICICIBANK,2026-03-13,1255.00,"STRONG SELL",-74.47,1.23,HOLD
ICICIBANK,2026-03-16,1273.00,"STRONG SELL",-84.59,1.23,HOLD
ICICIBANK,2026-03-17,1289.00,"STRONG SELL",-85.88,1.23,HOLD
ICICIBANK,2026-03-18,1289.00,"STRONG SELL",-80.94,1.23,HOLD
ICICIBANK,2026-03-19,1250.00,"STRONG SELL",-84.53,1.23,HOLD
ICICIBANK,2026-03-20,1245.00,"STRONG SELL",-86.61,1.23,HOLD
ICICIBANK,2026-03-23,1223.00,"STRONG SELL",-86.80,1.23,HOLD
ICICIBANK,2026-03-24,1251.00,"STRONG SELL",-82.53,1.23,HOLD
ICICIBANK,2026-03-25,1260.00,"STRONG SELL",-79.49,1.23,HOLD
ICICIBANK,2026-03-27,1234.00,"STRONG SELL",-81.61,1.23,HOLD
ICICIBANK,2026-03-30,1206.00,"STRONG SELL",-86.00,1.23,HOLD
INFY,2025-09-30,1442.00,HOLD,0.00,1.64,HOLD
INFY,2025-10-01,1446.00,HOLD,0.00,1.64,HOLD
INFY,2025-10-03,1447.00,HOLD,0.00,1.64,HOLD
INFY,2025-10-06,1476.00,HOLD,0.00,1.64,HOLD
INFY,2025-10-07,1459.00,HOLD,0.00,1.64,HOLD
INFY,2025-10-08,1495.00,HOLD,0.00,1.64,HOLD
INFY,2025-10-09,1509.00,HOLD,0.00,1.64,HOLD
INFY,2025-10-10,1515.00,BUY,4.51,1.64,HOLD
INFY,2025-10-13,1493.00,BUY,9.08,1.64,HOLD
INFY,2025-10-14,1490.00,"STRONG BUY",13.80,1.64,HOLD
INFY,2025-10-15,1474.00,"STRONG BUY",13.80,1.64,HOLD
INFY,2025-10-16,1472.00,"STRONG BUY",16.07,1.64,HOLD
INFY,2025-10-17,1441.00,"STRONG BUY",11.09,1.64,HOLD
INFY,2025-10-20,1461.00,BUY,5.14,1.64,HOLD
INFY,2025-10-21,1472.00,SELL,-0.94,1.64,HOLD
INFY,2025-10-23,1529.00,BUY,0.69,1.64,HOLD
INFY,2025-10-24,1525.00,BUY,2.82,1.64,HOLD
INFY,2025-10-27,1505.00,BUY,5.82,1.64,HOLD
INFY,2025-10-28,1500.00,BUY,8.80,1.64,HOLD
INFY,2025-10-29,1510.00,"STRONG BUY",17.24,1.64,HOLD
INFY,2025-10-30,1494.00,"STRONG BUY",21.43,1.64,HOLD
INFY,2025-10-31,1482.00,"STRONG BUY",22.93,1.64,HOLD
INFY,2025-11-03,1486.00,"STRONG BUY",16.68,1.64,HOLD
INFY,2025-11-04,1468.00,BUY,9.18,1.64,HOLD
INFY,2025-11-06,1467.00,BUY,4.39,1.64,HOLD
INFY,2025-11-07,1477.00,BUY,1.31,1.64,HOLD
INFY,2025-11-10,1514.00,BUY,0.70,1.64,HOLD
INFY,2025-11-11,1530.00,BUY,4.18,1.64,HOLD
INFY,2025-11-12,1552.00,"STRONG BUY",11.86,1.64,HOLD
INFY,2025-11-13,1542.00,"STRONG BUY",18.04,1.64,HOLD
INFY,2025-11-14,1503.00,"STRONG BUY",21.01,1.64,HOLD
INFY,2025-11-17,1508.00,"STRONG BUY",24.80,1.64,HOLD
INFY,2025-11-18,1486.00,"STRONG BUY",24.79,1.64,HOLD
INFY,2025-11-19,1541.00,"STRONG BUY",26.47,1.64,HOLD
INFY,2025-11-20,1537.00,"STRONG BUY",24.87,1.64,HOLD
INFY,2025-11-21,1545.00,"STRONG BUY",22.21,1.64,HOLD
INFY,2025-11-24,1548.00,"STRONG BUY",21.77,1.64,HOLD
INFY,2025-11-25,1531.00,"STRONG BUY",25.23,1.64,HOLD
INFY,2025-11-26,1558.00,"STRONG BUY",30.21,1.64,HOLD
INFY,2025-11-27,1566.00,"STRONG BUY",39.10,1.64,HOLD
INFY,2025-11-28,1560.00,"STRONG BUY",38.96,1.64,HOLD
INFY,2025-12-01,1564.00,"STRONG BUY",39.74,1.64,HOLD
INFY,2025-12-02,1561.00,"STRONG BUY",38.03,1.64,HOLD
INFY,2025-12-03,1579.00,"STRONG BUY",38.53,1.64,HOLD
INFY,2025-12-04,1598.00,"STRONG BUY",43.90,1.64,HOLD
INFY,2025-12-05,1616.00,"STRONG BUY",49.28,1.64,HOLD
INFY,2025-12-08,1611.00,"STRONG BUY",52.84,1.64,HOLD
INFY,2025-12-09,1599.00,"STRONG BUY",55.28,1.64,HOLD
INFY,2025-12-10,1585.00,"STRONG BUY",55.44,1.64,HOLD
INFY,2025-12-11,1598.00,"STRONG BUY",57.80,1.64,HOLD
INFY,2025-12-12,1598.00,"STRONG BUY",57.04,1.64,HOLD
INFY,2025-12-15,1607.00,"STRONG BUY",54.17,1.64,HOLD
INFY,2025-12-16,1593.00,"STRONG BUY",47.31,1.64,HOLD
INFY,2025-12-17,1602.00,"STRONG BUY",41.56,1.64,HOLD
INFY,2025-12-18,1627.00,"STRONG BUY",40.23,1.64,HOLD
INFY,2025-12-19,1639.00,"STRONG BUY",42.54,1.64,HOLD
INFY,2025-12-22,1690.00,"STRONG BUY",49.82,1.64,HOLD
INFY,2025-12-23,1668.00,"STRONG BUY",55.22,1.64,HOLD
INFY,2025-12-24,1663.00,"STRONG BUY",59.52,1.64,HOLD
INFY,2025-12-26,1656.00,"STRONG BUY",64.72,1.64,HOLD
INFY,2025-12-29,1645.00,"STRONG BUY",66.13,1.64,HOLD
INFY,2025-12-30,1622.00,"STRONG BUY",61.61,1.64,HOLD
INFY,2025-12-31,1615.00,"STRONG BUY",53.89,1.64,HOLD
INFY,2026-01-01,1630.00,"STRONG BUY",42.34,1.64,HOLD
INFY,2026-01-02,1640.00,"STRONG BUY",34.91,1.64,HOLD
INFY,2026-01-05,1606.00,"STRONG BUY",24.74,1.64,HOLD
INFY,2026-01-06,1612.00,"STRONG BUY",16.32,1.64,HOLD
INFY,2026-01-07,1639.00,"STRONG BUY",11.86,1.64,HOLD
INFY,2026-01-08,1613.00,BUY,8.74,1.64,HOLD
INFY,2026-01-09,1614.00,BUY,7.00,1.64,HOLD
INFY,2026-01-12,1596.00,BUY,0.94,1.64,HOLD
INFY,2026-01-13,1599.00,SELL,-6.08,1.64,HOLD
INFY,2026-01-14,1600.00,SELL,-8.24,1.64,HOLD
INFY,2026-01-16,1690.00,SELL,-0.80,1.64,HOLD
INFY,2026-01-19,1681.00,BUY,2.44,1.64,HOLD
INFY,2026-01-20,1659.00,BUY,7.57,1.64,HOLD
INFY,2026-01-21,1654.00,"STRONG BUY",11.86,1.64,HOLD
INFY,2026-01-22,1664.00,"STRONG BUY",19.40,1.64,HOLD
INFY,2026-01-23,1671.00,"STRONG BUY",26.83,1.64,HOLD
INFY,2026-01-27,1683.00,"STRONG BUY",35.84,1.64,HOLD
INFY,2026-01-28,1667.00,"STRONG BUY",30.26,1.64,HOLD
INFY,2026-01-29,1660.00,"STRONG BUY",25.50,1.64,HOLD
INFY,2026-01-30,1641.00,"STRONG BUY",21.33,1.64,HOLD
INFY,2026-02-01,1655.00,"STRONG BUY",19.70,1.64,HOLD
INFY,2026-02-02,1629.00,"STRONG BUY",14.63,1.64,HOLD
INFY,2026-02-03,1656.00,"STRONG BUY",11.93,1.64,HOLD
INFY,2026-02-04,1536.00,SELL,-3.94,1.64,HOLD
INFY,2026-02-05,1520.00,"STRONG SELL",-20.01,1.64,HOLD
INFY,2026-02-06,1507.00,"STRONG SELL",-36.67,1.64,HOLD
INFY,2026-02-09,1497.00,"STRONG SELL",-51.94,1.64,HOLD
INFY,2026-02-10,1498.00,"STRONG SELL",-69.47,1.64,HOLD
INFY,2026-02-11,1472.00,"STRONG SELL",-86.90,1.64,HOLD
INFY,2026-02-12,1386.00,"STRONG SELL",-117.83,1.64,HOLD
INFY,2026-02-13,1369.00,"STRONG SELL",-132.99,1.64,HOLD
INFY,2026-02-16,1366.00,"STRONG SELL",-145.86,1.64,HOLD
INFY,2026-02-17,1391.00,"STRONG SELL",-155.26,1.64,HOLD
INFY,2026-02-18,1374.00,"STRONG SELL",-164.90,1.64,HOLD
INFY,2026-02-19,1371.00,"STRONG SELL",-174.11,1.64,HOLD
INFY,2026-02-20,1353.00,"STRONG SELL",-182.44,1.64,HOLD
INFY,2026-02-23,1328.00,"STRONG SELL",-181.20,1.64,HOLD
INFY,2026-02-24,1276.00,"STRONG SELL",-183.81,1.64,HOLD
INFY,2026-02-25,1290.00,"STRONG SELL",-184.37,1.64,HOLD
INFY,2026-02-26,1289.00,"STRONG SELL",-188.57,1.64,HOLD
INFY,2026-02-27,1300.00,"STRONG SELL",-186.14,1.64,HOLD
INFY,2026-03-02,1289.00,"STRONG SELL",-184.80,1.64,HOLD
INFY,2026-03-04,1307.00,"STRONG SELL",-179.63,1.64,HOLD
INFY,2026-03-05,1306.00,"STRONG SELL",-171.17,1.64,HOLD
INFY,2026-03-06,1308.00,"STRONG SELL",-154.74,1.64,HOLD
INFY,2026-03-09,1315.00,"STRONG SELL",-139.30,1.64,HOLD
INFY,2026-03-10,1296.00,"STRONG SELL",-125.40,1.64,HOLD
INFY,2026-03-11,1276.00,"STRONG SELL",-115.80,1.64,HOLD
INFY,2026-03-12,1266.00,"STRONG SELL",-105.94,1.64,HOLD
INFY,2026-03-13,1248.00,"STRONG SELL",-101.27,1.64,HOLD
INFY,2026-03-16,1250.00,"STRONG SELL",-95.77,1.64,HOLD
INFY,2026-03-17,1233.00,"STRONG SELL",-93.29,1.64,HOLD
INFY,2026-03-18,1267.00,"STRONG SELL",-87.18,1.64,HOLD
INFY,2026-03-19,1221.00,"STRONG SELL",-87.40,1.64,HOLD
INFY,2026-03-20,1256.00,"STRONG SELL",-81.46,1.64,HOLD
INFY,2026-03-23,1257.00,"STRONG SELL",-74.40,1.64,HOLD
INFY,2026-03-24,1278.00,"STRONG SELL",-62.82,1.64,HOLD
INFY,2026-03-25,1279.00,"STRONG SELL",-51.37,1.64,HOLD
INFY,2026-03-27,1270.00,"STRONG SELL",-39.36,1.64,HOLD
INFY,2026-03-30,1251.00,"STRONG SELL",-37.14,1.64,HOLD
ITC,2025-09-30,401.55,HOLD,0.00,1.44,HOLD
ITC,2025-10-01,405.60,HOLD,0.00,1.44,HOLD
ITC,2025-10-03,404.30,HOLD,0.00,1.44,HOLD
ITC,2025-10-06,400.75,HOLD,0.00,1.44,HOLD
ITC,2025-10-07,399.80,HOLD,0.00,1.44,HOLD
ITC,2025-10-08,399.75,HOLD,0.00,1.44,HOLD
ITC,2025-10-09,399.90,HOLD,0.00,1.44,HOLD
ITC,2025-10-10,402.80,BUY,0.03,1.44,HOLD
ITC,2025-10-13,399.25,SELL,-0.58,1.44,HOLD
ITC,2025-10-14,396.80,SELL,-1.19,1.44,HOLD
ITC,2025-10-15,399.90,SELL,-1.21,1.44,HOLD
ITC,2025-10-16,405.15,SELL,-0.79,1.44,HOLD
ITC,2025-10-17,412.15,BUY,0.15,1.44,HOLD
ITC,2025-10-20,413.05,BUY,1.25,1.44,HOLD
ITC,2025-10-21,412.85,BUY,2.02,1.44,HOLD
ITC,2025-10-23,415.95,BUY,3.63,1.44,HOLD
ITC,2025-10-24,416.80,BUY,5.76,1.44,HOLD
ITC,2025-10-27,420.65,BUY,7.86,1.44,HOLD
ITC,2025-10-28,417.90,BUY,9.05,1.44,HOLD
ITC,2025-10-29,421.60,BUY,9.64,1.44,HOLD
ITC,2025-10-30,418.75,BUY,9.92,1.44,HOLD
ITC,2025-10-31,420.35,"STRONG BUY",10.42,1.44,HOLD
ITC,2025-11-03,413.95,BUY,9.89,1.44,HOLD
ITC,2025-11-04,408.90,BUY,8.75,1.44,HOLD
ITC,2025-11-06,407.50,BUY,6.92,1.44,HOLD
ITC,2025-11-07,404.05,BUY,5.13,1.44,HOLD
ITC,2025-11-10,405.55,BUY,2.94,1.44,HOLD
ITC,2025-11-11,406.85,BUY,1.29,1.44,HOLD
ITC,2025-11-12,407.00,SELL,-0.57,1.44,HOLD
ITC,2025-11-13,405.70,SELL,-1.66,1.44,HOLD
ITC,2025-11-14,408.15,SELL,-1.99,1.44,HOLD
ITC,2025-11-17,407.10,SELL,-2.10,1.44,HOLD
ITC,2025-11-18,405.85,SELL,-1.89,1.44,HOLD
ITC,2025-11-19,403.55,SELL,-2.28,1.44,HOLD
ITC,2025-11-20,405.45,SELL,-2.66,1.44,HOLD
ITC,2025-11-21,407.85,SELL,-2.80,1.44,HOLD
ITC,2025-11-24,403.55,SELL,-3.24,1.44,HOLD
ITC,2025-11-25,400.80,SELL,-4.22,1.44,HOLD
ITC,2025-11-26,402.30,SELL,-5.01,1.44,HOLD
ITC,2025-11-27,404.30,SELL,-5.48,1.44,HOLD
ITC,2025-11-28,404.25,SELL,-5.53,1.44,HOLD
ITC,2025-12-01,404.25,SELL,-5.67,1.44,HOLD
ITC,2025-12-02,400.95,SELL,-6.28,1.44,HOLD
ITC,2025-12-03,400.50,SELL,-6.29,1.44,HOLD
ITC,2025-12-04,403.05,SELL,-5.65,1.44,HOLD
ITC,2025-12-05,404.95,SELL,-4.90,1.44,HOLD
ITC,2025-12-08,402.30,SELL,-4.71,1.44,HOLD
ITC,2025-12-09,401.05,SELL,-4.50,1.44,HOLD
ITC,2025-12-10,403.15,SELL,-4.17,1.44,HOLD
ITC,2025-12-11,402.90,SELL,-3.27,1.44,HOLD
ITC,2025-12-12,400.10,SELL,-2.71,1.44,HOLD
ITC,2025-12-15,402.30,SELL,-2.22,1.44,HOLD
ITC,2025-12-16,401.70,SELL,-2.27,1.44,HOLD
ITC,2025-12-17,399.80,SELL,-2.32,1.44,HOLD
ITC,2025-12-18,400.40,SELL,-2.18,1.44,HOLD
ITC,2025-12-19,401.05,SELL,-2.38,1.44,HOLD
ITC,2025-12-22,402.70,SELL,-2.31,1.44,HOLD
ITC,2025-12-23,407.35,SELL,-1.29,1.44,HOLD
ITC,2025-12-24,406.60,SELL,-0.67,1.44,HOLD
ITC,2025-12-26,404.15,SELL,-0.26,1.44,HOLD
ITC,2025-12-29,402.60,BUY,0.32,1.44,HOLD
ITC,2025-12-30,400.60,BUY,0.57,1.44,HOLD
ITC,2025-12-31,403.00,BUY,0.94,1.44,HOLD
ITC,2026-01-01,363.85,SELL,-3.28,1.44,HOLD
ITC,2026-01-02,350.05,SELL,-9.63,1.44,HOLD
ITC,2026-01-05,349.70,"STRONG SELL",-15.82,1.44,HOLD
ITC,2026-01-06,342.45,"STRONG SELL",-22.59,1.44,HOLD
ITC,2026-01-07,341.25,"STRONG SELL",-29.38,1.44,HOLD
ITC,2026-01-08,340.90,"STRONG SELL",-35.85,1.44,HOLD
ITC,2026-01-09,337.15,"STRONG SELL",-43.02,1.44,HOLD
ITC,2026-01-12,338.40,"STRONG SELL",-44.47,1.44,HOLD
ITC,2026-01-13,334.70,"STRONG SELL",-44.34,1.44,HOLD
ITC,2026-01-14,334.75,"STRONG SELL",-44.27,1.44,HOLD
ITC,2026-01-16,329.20,"STRONG SELL",-43.79,1.44,HOLD
ITC,2026-01-19,333.20,"STRONG SELL",-42.61,1.44,HOLD
ITC,2026-01-20,326.30,"STRONG SELL",-42.07,1.44,HOLD
ITC,2026-01-21,324.75,"STRONG SELL",-41.26,1.44,HOLD
ITC,2026-01-22,324.85,"STRONG SELL",-40.65,1.44,HOLD
ITC,2026-01-23,323.40,"STRONG SELL",-39.61,1.44,HOLD
ITC,2026-01-27,318.65,"STRONG SELL",-39.10,1.44,HOLD
ITC,2026-01-28,321.15,"STRONG SELL",-37.62,1.44,HOLD
ITC,2026-01-29,318.60,"STRONG SELL",-36.91,1.44,HOLD
ITC,2026-01-30,322.15,"STRONG SELL",-34.85,1.44,HOLD
ITC,2026-02-01,309.45,"STRONG SELL",-34.03,1.44,HOLD
ITC,2026-02-02,314.70,"STRONG SELL",-32.62,1.44,HOLD
ITC,2026-02-03,316.65,"STRONG SELL",-30.77,1.44,HOLD
ITC,2026-02-04,313.85,"STRONG SELL",-28.50,1.44,HOLD
ITC,2026-02-05,310.20,"STRONG SELL",-26.82,1.44,HOLD
ITC,2026-02-06,325.80,"STRONG SELL",-23.11,1.44,HOLD
ITC,2026-02-09,322.80,"STRONG SELL",-20.29,1.44,HOLD
ITC,2026-02-10,321.40,"STRONG SELL",-15.89,1.44,HOLD
ITC,2026-02-11,318.25,"STRONG SELL",-12.63,1.44,HOLD
ITC,2026-02-12,317.45,SELL,-9.66,1.44,HOLD
ITC,2026-02-13,313.75,SELL,-8.01,1.44,HOLD
ITC,2026-02-16,317.95,SELL,-5.83,1.44,HOLD
ITC,2026-02-17,325.45,SELL,-5.07,1.44,HOLD
ITC,2026-02-18,332.45,SELL,-3.36,1.44,HOLD
ITC,2026-02-19,326.00,SELL,-2.20,1.44,HOLD
ITC,2026-02-20,327.00,SELL,-0.49,1.44,HOLD
ITC,2026-02-23,325.40,BUY,1.04,1.44,HOLD
ITC,2026-02-24,323.50,BUY,2.93,1.44,HOLD
ITC,2026-02-25,319.75,BUY,3.69,1.44,HOLD
ITC,2026-02-26,318.30,BUY,3.22,1.44,HOLD
ITC,2026-02-27,313.60,BUY,1.05,1.44,HOLD
ITC,2026-03-02,314.90,BUY,0.07,1.44,HOLD
ITC,2026-03-04,311.95,SELL,-1.60,1.44,HOLD
ITC,2026-03-05,311.50,SELL,-3.15,1.44,HOLD
ITC,2026-03-06,309.70,SELL,-4.62,1.44,HOLD
ITC,2026-03-09,306.00,SELL,-6.00,1.44,HOLD
ITC,2026-03-10,309.05,SELL,-7.00,1.44,HOLD
ITC,2026-03-11,309.00,SELL,-7.25,1.44,HOLD
ITC,2026-03-12,304.10,SELL,-8.31,1.44,HOLD
ITC,2026-03-13,301.45,SELL,-9.12,1.44,HOLD
ITC,2026-03-16,308.25,SELL,-9.55,1.44,HOLD
ITC,2026-03-17,304.85,SELL,-9.91,1.44,HOLD
ITC,2026-03-18,304.05,SELL,-9.77,1.44,HOLD
ITC,2026-03-19,298.00,"STRONG SELL",-10.82,1.44,HOLD
ITC,2026-03-20,299.95,"STRONG SELL",-11.77,1.44,HOLD
ITC,2026-03-23,290.45,"STRONG SELL",-12.54,1.44,HOLD
ITC,2026-03-24,291.25,"STRONG SELL",-12.95,1.44,HOLD
ITC,2026-03-25,295.70,"STRONG SELL",-13.88,1.44,HOLD
ITC,2026-03-27,294.70,"STRONG SELL",-14.55,1.44,HOLD
ITC,2026-03-30,287.70,"STRONG SELL",-15.90,1.44,HOLD
MARUTI,2025-09-30,16029.00,HOLD,0.00,1.42,HOLD
MARUTI,2025-10-01,15965.00,HOLD,0.00,1.42,HOLD
MARUTI,2025-10-03,15806.00,HOLD,0.00,1.42,HOLD
MARUTI,2025-10-06,15998.00,HOLD,0.00,1.42,HOLD
MARUTI,2025-10-07,16108.00,HOLD,0.00,1.42,HOLD
MARUTI,2025-10-08,16012.00,HOLD,0.00,1.42,HOLD
MARUTI,2025-10-09,15985.00,HOLD,0.00,1.42,HOLD
MARUTI,2025-10-10,16265.00,SELL,-1.14,1.42,HOLD
MARUTI,2025-10-13,16323.00,"STRONG BUY",16.44,1.42,HOLD
MARUTI,2025-10-14,16261.00,"STRONG BUY",60.80,1.42,HOLD
MARUTI,2025-10-15,16212.00,"STRONG BUY",78.93,1.42,HOLD
MARUTI,2025-10-16,16298.00,"STRONG BUY",88.54,1.42,HOLD
MARUTI,2025-10-17,16401.00,"STRONG BUY",121.37,1.42,HOLD
MARUTI,2025-10-20,16424.00,"STRONG BUY",162.93,1.42,HOLD
MARUTI,2025-10-21,16396.00,"STRONG BUY",165.18,1.42,HOLD
MARUTI,2025-10-23,16393.00,"STRONG BUY",160.96,1.42,HOLD
